m001,t3,l1,InProgress,Reported issue for ticket 1,2025-08-30
m002,t1,l18,Open,Reported issue for ticket 2,2025-07-12
m003,t43,l18,InProgress,Reported issue for ticket 3,2025-08-29
m004,t31,l3,Assigned,Reported issue for ticket 4,2025-07-29
m005,t14,l7,Assigned,Reported issue for ticket 5,2025-08-23
m006,t37,l5,Closed,Reported issue for ticket 6,2025-07-05
m007,t41,l20,Open,Reported issue for ticket 7,2025-09-01
m008,t1,l1,InProgress,Reported issue for ticket 8,2025-08-11
m009,t38,l18,Closed,Reported issue for ticket 9,2025-07-05
m010,t26,l1,Open,Reported issue for ticket 10,2025-06-06
m011,t32,l17,Open,Reported issue for ticket 11,2025-06-26
m012,t19,l8,Assigned,Reported issue for ticket 12,2025-08-27
m013,t40,l16,Open,Reported issue for ticket 13,2025-06-11
m014,t18,l19,Open,Reported issue for ticket 14,2025-06-08
m015,t13,l8,Completed,Reported issue for ticket 15,2025-06-17
m016,t15,l6,Completed,Reported issue for ticket 16,2025-07-23
m017,t38,l18,InProgress,Reported issue for ticket 17,2025-06-29
m018,t44,l15,InProgress,Reported issue for ticket 18,2025-06-16
m019,t35,l5,Completed,Reported issue for ticket 19,2025-07-25
m020,t28,l13,Assigned,Reported issue for ticket 20,2025-07-12
m021,t3,l4,InProgress,Reported issue for ticket 21,2025-06-23
m022,t18,l9,Completed,Reported issue for ticket 22,2025-06-21
m023,t20,l14,Assigned,Reported issue for ticket 23,2025-08-17
m024,t16,l6,InProgress,Reported issue for ticket 24,2025-08-23
m025,t26,l6,Assigned,Reported issue for ticket 25,2025-08-22
m026,t22,l5,Open,Reported issue for ticket 26,2025-07-23
m027,t39,l2,Open,Reported issue for ticket 27,2025-08-25
m028,t12,l16,Completed,Reported issue for ticket 28,2025-06-16
m029,t35,l14,Closed,Reported issue for ticket 29,2025-09-01
m030,t6,l10,Assigned,Reported issue for ticket 30,2025-07-07
m031,t29,l19,InProgress,Reported issue for ticket 31,2025-07-30
m032,t7,l20,Assigned,Reported issue for ticket 32,2025-07-30
m033,t31,l4,Assigned,Reported issue for ticket 33,2025-08-30
m034,t18,l16,Completed,Reported issue for ticket 34,2025-07-25
m035,t29,l18,Closed,Reported issue for ticket 35,2025-08-21
m036,t18,l20,Closed,Reported issue for ticket 36,2025-08-02
m037,t48,l18,Completed,Reported issue for ticket 37,2025-08-10
m038,t33,l7,Closed,Reported issue for ticket 38,2025-07-14
m039,t16,l5,Completed,Reported issue for ticket 39,2025-08-02
m040,t17,l20,Closed,Reported issue for ticket 40,2025-06-19
m041,t4,l14,Completed,Reported issue for ticket 41,2025-08-13
m042,t14,l4,Assigned,Reported issue for ticket 42,2025-06-12
m043,t26,l17,Closed,Reported issue for ticket 43,2025-08-11
m044,t47,l12,Completed,Reported issue for ticket 44,2025-07-12
m045,t21,l2,Open,Reported issue for ticket 45,2025-08-26
m046,t34,l7,Completed,Reported issue for ticket 46,2025-06-24
m047,t20,l20,Assigned,Reported issue for ticket 47,2025-07-12
m048,t9,l17,Completed,Reported issue for ticket 48,2025-06-10
m049,t27,l5,Open,Reported issue for ticket 49,2025-08-09
m050,t24,l5,Closed,Reported issue for ticket 50,2025-06-09
m001,t28,l11,InProgress,Reported issue for ticket 1,2025-08-24
m002,t6,l17,Assigned,Reported issue for ticket 2,2025-06-27
m003,t42,l13,Assigned,Reported issue for ticket 3,2025-08-30
m004,t20,l5,Completed,Reported issue for ticket 4,2025-06-10
m005,t10,l13,InProgress,Reported issue for ticket 5,2025-06-27
m006,t17,l10,InProgress,Reported issue for ticket 6,2025-08-27
m007,t27,l10,InProgress,Reported issue for ticket 7,2025-06-19
m008,t8,l20,Open,Reported issue for ticket 8,2025-07-22
m009,t1,l1,Completed,Reported issue for ticket 9,2025-07-28
m010,t44,l18,Open,Reported issue for ticket 10,2025-09-03
m011,t5,l20,Completed,Reported issue for ticket 11,2025-07-22
m012,t39,l7,Assigned,Reported issue for ticket 12,2025-06-19
m013,t34,l10,Completed,Reported issue for ticket 13,2025-06-15
m014,t47,l4,InProgress,Reported issue for ticket 14,2025-07-12
m015,t29,l20,Assigned,Reported issue for ticket 15,2025-06-07
m016,t50,l6,Assigned,Reported issue for ticket 16,2025-07-16
m017,t43,l9,Completed,Reported issue for ticket 17,2025-08-19
m018,t3,l10,Assigned,Reported issue for ticket 18,2025-07-04
m019,t23,l18,Open,Reported issue for ticket 19,2025-07-31
m020,t18,l5,InProgress,Reported issue for ticket 20,2025-08-02
m021,t22,l16,Completed,Reported issue for ticket 21,2025-08-03
m022,t39,l2,Assigned,Reported issue for ticket 22,2025-06-11
m023,t6,l3,InProgress,Reported issue for ticket 23,2025-06-08
m024,t27,l4,Open,Reported issue for ticket 24,2025-07-16
m025,t9,l17,Closed,Reported issue for ticket 25,2025-08-19
m026,t32,l11,Open,Reported issue for ticket 26,2025-08-07
m027,t14,l18,Assigned,Reported issue for ticket 27,2025-06-16
m028,t19,l14,Closed,Reported issue for ticket 28,2025-08-15
m029,t3,l6,Closed,Reported issue for ticket 29,2025-08-22
m030,t4,l3,Closed,Reported issue for ticket 30,2025-09-02
m031,t21,l6,Assigned,Reported issue for ticket 31,2025-09-01
m032,t31,l2,Closed,Reported issue for ticket 32,2025-06-12
m033,t45,l3,Assigned,Reported issue for ticket 33,2025-08-03
m034,t1,l4,Completed,Reported issue for ticket 34,2025-07-01
m035,t27,l2,InProgress,Reported issue for ticket 35,2025-07-24
m036,t20,l5,Open,Reported issue for ticket 36,2025-07-08
m037,t42,l1,Assigned,Reported issue for ticket 37,2025-07-06
m038,t19,l5,Assigned,Reported issue for ticket 38,2025-07-04
m039,t5,l1,InProgress,Reported issue for ticket 39,2025-07-14
m040,t50,l8,Closed,Reported issue for ticket 40,2025-09-01
m041,t4,l12,Assigned,Reported issue for ticket 41,2025-08-25
m042,t21,l8,Open,Reported issue for ticket 42,2025-06-08
m043,t19,l17,Open,Reported issue for ticket 43,2025-07-25
m044,t38,l19,Assigned,Reported issue for ticket 44,2025-06-13
m045,t22,l4,Completed,Reported issue for ticket 45,2025-07-04
m046,t12,l7,Completed,Reported issue for ticket 46,2025-07-27
m047,t49,l10,InProgress,Reported issue for ticket 47,2025-06-24
m048,t29,l14,Completed,Reported issue for ticket 48,2025-08-08
m049,t50,l4,Completed,Reported issue for ticket 49,2025-06-28
m050,t17,l18,Completed,Reported issue for ticket 50,2025-06-25
